{
    "1141754650580762744": {
        "userId": 1141754650580762744,
        "point": 12.0,
        "all-point": 15,
        "spend": 3.0,
        "history": [
            {
                "type": "user-topup",
                "link": "https://gift.truemoney.com/campaign/?v=e74664116fbcfa471f80a448bd4b25e1b76",
                "amount": 15,
                "time": "2024-01-28 11:25:17.101178"
            },
            {
                "type": "buylike",
                "item": "idlike_1",
                "price": 3.0,
                "description": "auto ไลค์ price 3.0 link https://www.facebook.com/rjhackyou/posts/pfbid02rtbhFsK56Sau3uww5Fse2dUiCYEvoef7jPrXFNVVWzU6PHCW8H2C4zBcnaQ21FcSl",
                "time": "2024-01-28 11:31:20.693128"
            }
        ]
    }
}